{
  "train_time_s": 1.2,
  "best_checkpoint": "/home/yding1995/opscc_sc/CAPE/outputs/hnscc_cape_full_smoke2/checkpoint_best.pt",
  "train_summary": {
    "n_perturbations": 121,
    "mean_uot": 514.3949229342878,
    "median_uot": 513.5706787109375,
    "mean_mass_rel_error": 0.46023097570092864,
    "median_mass_rel_error": 0.4656848956251998,
    "n_controls": 1,
    "control_mean_uot": 521.6537475585938,
    "control_mean_mass_rel_error": 0.5612246985979509,
    "n_non_controls": 120,
    "non_control_mean_uot": 514.3344327290853,
    "non_control_mean_mass_rel_error": 0.45938936134345343
  },
  "test_summary": {
    "n_perturbations": 121,
    "mean_uot": 477.25727655079737,
    "median_uot": 474.4967041015625,
    "mean_mass_rel_error": 7.856765318068283,
    "median_mass_rel_error": 6.021171194608094,
    "n_controls": 1,
    "control_mean_uot": 460.4046325683594,
    "control_mean_mass_rel_error": 5.948605079305136,
    "n_non_controls": 120,
    "non_control_mean_uot": 477.39771525065106,
    "non_control_mean_mass_rel_error": 7.872666653391309
  },
  "n_supported_perturbations": 121,
  "guide_confident_only": true,
  "data_path": "/home/yding1995/opscc_sc/scDiffeq/hnscc/GSE235325_P4P60_scdiffeq_compatible.h5ad",
  "output_dir": "/home/yding1995/opscc_sc/CAPE/outputs/hnscc_cape_full_smoke2"
}