epoch,loss_total,loss_end,loss_weak,loss_count,loss_reg
0,39520.796875,39520.6640625,0.0,0.0,0.13138973712921143
