{
  "train_time_s": 2.5,
  "best_checkpoint": "/home/yding1995/opscc_sc/CAPE/outputs/hnscc_cape_full_wta_calibration_default_20260328/checkpoint_best.pt",
  "train_summary": {
    "n_perturbations": 121,
    "mean_uot": 455.90128723648957,
    "median_uot": 455.2588806152344,
    "mean_mass_rel_error": 0.46139981986905687,
    "median_mass_rel_error": 0.4690044780218041,
    "n_controls": 1,
    "control_mean_uot": 453.8217468261719,
    "control_mean_mass_rel_error": 0.5505948297030275,
    "n_non_controls": 120,
    "non_control_mean_uot": 455.9186167399088,
    "non_control_mean_mass_rel_error": 0.4606565281204404
  },
  "test_summary": {
    "n_perturbations": 121,
    "mean_uot": 456.5907605384007,
    "median_uot": 458.9382629394531,
    "mean_mass_rel_error": 7.884903625864757,
    "median_mass_rel_error": 6.111866435066599,
    "n_controls": 1,
    "control_mean_uot": 389.32159423828125,
    "control_mean_mass_rel_error": 6.100251565647029,
    "n_non_controls": 120,
    "non_control_mean_uot": 457.151336924235,
    "non_control_mean_mass_rel_error": 7.899775726366571
  },
  "n_supported_perturbations": 121,
  "guide_confident_only": true,
  "data_path": "/home/yding1995/opscc_sc/scDiffeq/hnscc/GSE235325_P4P60_scdiffeq_compatible.h5ad",
  "output_dir": "/home/yding1995/opscc_sc/CAPE/outputs/hnscc_cape_full_wta_calibration_default_20260328",
  "train_peak_gpu_mb": {
    "allocated_mb": 2376.80517578125,
    "reserved_mb": 2438.0
  },
  "eval_peak_gpu_mb": {
    "allocated_mb": 352.3798828125,
    "reserved_mb": 420.0
  }
}