epoch,loss_total,loss_end,loss_weak,loss_count,loss_reg
0,37739.04296875,37738.91015625,0.0,0.0,0.13138984143733978
