epoch,loss_total,loss_end,loss_weak,loss_count,loss_reg
0,39068.1953125,39068.0625,0.0,0.0,0.13138973712921143
