{
  "epoch": [
    0
  ],
  "train_sinkhorn_4.0": [
    117.18627166748047
  ],
  "train_sinkhorn_6.0": [
    175.74203491210938
  ],
  "val_sinkhorn_4.0": [
    95.78619384765625
  ],
  "val_sinkhorn_6.0": [
    200.04400634765625
  ]
}