{
  "output_dir": "/home/yding1995/opscc_sc/CAPE/outputs/larry_comparison_cuda_20260328",
  "cape_train_time_s": 23.1,
  "scdiffeq_train_time_s": 555.9,
  "train_speedup_cape_vs_scdiffeq": 24.064935064935064,
  "cape_sink_pca_4": 23.665233612060547,
  "cape_sink_pca_6": 21.61349105834961,
  "scdiffeq_sink_pca_4": 51.71953582763672,
  "scdiffeq_sink_pca_6": 69.564208984375,
  "cape_peak_gpu_mem_mb": 81.7,
  "scdiffeq_peak_gpu_mem_mb": 2227.6
}