{
  "method": "CAPE",
  "device": "cuda",
  "torch_version": "2.9.1+cu128",
  "conda_env": "ml1",
  "n_epochs": 1000,
  "n_particles": 512,
  "latent_dim": 50,
  "n_params": 1340619,
  "train_time_s": 23.1,
  "eval_time_s": 0.1,
  "fate_eval_time_s": 0.2,
  "peak_gpu_mem_mb": 81.7,
  "matmul_precision": "high",
  "tf32_enabled": true,
  "sinkhorn_4_training_curve": [
    105.65632629394531,
    53.161102294921875,
    46.193031311035156,
    46.31816864013672,
    41.76050567626953,
    42.56127166748047,
    41.08625411987305,
    37.27897262573242,
    33.48236846923828,
    39.642295837402344,
    33.1041259765625,
    83.06074523925781,
    32.280479431152344,
    31.424121856689453,
    30.027673721313477,
    36.03660583496094,
    28.48839569091797,
    29.055797576904297,
    77.95887756347656,
    30.14295196533203,
    30.777238845825195,
    31.796154022216797,
    29.772539138793945,
    24.931697845458984,
    76.60797882080078,
    27.005409240722656,
    28.548112869262695,
    27.25623321533203,
    33.44475555419922,
    29.661075592041016,
    29.130538940429688,
    23.881473541259766,
    30.646484375,
    23.988914489746094,
    31.174652099609375,
    31.331539154052734,
    26.13406753540039,
    25.789955139160156,
    27.677871704101562,
    29.9272518157959,
    26.714397430419922,
    27.885215759277344,
    26.159332275390625,
    69.08271789550781,
    34.50687026977539,
    28.085655212402344,
    28.73810577392578,
    29.663692474365234,
    28.15095329284668,
    28.18381690979004,
    68.64080047607422
  ],
  "sinkhorn_6_training_curve": [
    171.5030059814453,
    63.05447769165039,
    58.398956298828125,
    48.37082290649414,
    38.188541412353516,
    35.7857780456543,
    33.07860565185547,
    30.61005401611328,
    30.933074951171875,
    37.557525634765625,
    30.747331619262695,
    35.00185775756836,
    37.705867767333984,
    35.03638458251953,
    29.925674438476562,
    27.807592391967773,
    27.175796508789062,
    27.35637664794922,
    34.7791748046875,
    26.511905670166016,
    28.172950744628906,
    25.930522918701172,
    26.00923728942871,
    29.32489013671875,
    27.511051177978516,
    31.215818405151367,
    31.029815673828125,
    28.720664978027344,
    32.382118225097656,
    21.864360809326172,
    31.38357162475586,
    24.22486114501953,
    28.799598693847656,
    22.741779327392578,
    27.99165916442871,
    25.989261627197266,
    25.02265167236328,
    23.43642807006836,
    34.849571228027344,
    31.818227767944336,
    22.539085388183594,
    23.131568908691406,
    25.89259910583496,
    30.090564727783203,
    23.808189392089844,
    29.810264587402344,
    25.878013610839844,
    27.432456970214844,
    33.82073974609375,
    27.71758270263672,
    26.912803649902344
  ],
  "epochs_curve": [
    0,
    20,
    40,
    60,
    80,
    100,
    120,
    140,
    160,
    180,
    200,
    220,
    240,
    260,
    280,
    300,
    320,
    340,
    360,
    380,
    400,
    420,
    440,
    460,
    480,
    500,
    520,
    540,
    560,
    580,
    600,
    620,
    640,
    660,
    680,
    700,
    720,
    740,
    760,
    780,
    800,
    820,
    840,
    860,
    880,
    900,
    920,
    940,
    960,
    980,
    999
  ],
  "sink_pca_4": 23.665233612060547,
  "sink_pca_6": 21.61349105834961,
  "fate_monocyte": 0,
  "fate_neutrophil": 512,
  "fate_undifferentiated": 1024,
  "fate_mono_frac": 0.0,
  "fate_mono_frac_weighted": 0.0
}