{
  "train_time_s": 470.6,
  "best_checkpoint": "/home/yding1995/opscc_sc/CAPE/outputs/hnscc_cape_full_wta_vram10gb_20260328_181653/checkpoint_best.pt",
  "train_summary": {
    "n_perturbations": 121,
    "mean_uot": 140.66675889196475,
    "median_uot": 140.05865478515625,
    "mean_mass_rel_error": 0.3542934659888462,
    "median_mass_rel_error": 0.23679088015980848,
    "n_controls": 1,
    "control_mean_uot": 229.38238525390625,
    "control_mean_mass_rel_error": 0.2945632529032817,
    "n_non_controls": 120,
    "non_control_mean_uot": 139.92746200561524,
    "non_control_mean_mass_rel_error": 0.35479121776455924
  },
  "test_summary": {
    "n_perturbations": 121,
    "mean_uot": 213.2774108382296,
    "median_uot": 211.05810546875,
    "mean_mass_rel_error": 0.5607607587172146,
    "median_mass_rel_error": 0.5612653891245524,
    "n_controls": 1,
    "control_mean_uot": 242.0071563720703,
    "control_mean_mass_rel_error": 2.4034970870310928,
    "n_non_controls": 120,
    "non_control_mean_uot": 213.03799629211426,
    "non_control_mean_mass_rel_error": 0.5454046226479323
  },
  "n_supported_perturbations": 121,
  "guide_confident_only": true,
  "data_path": "/home/yding1995/opscc_sc/scDiffeq/hnscc/GSE235325_P4P60_scdiffeq_compatible.h5ad",
  "output_dir": "/home/yding1995/opscc_sc/CAPE/outputs/hnscc_cape_full_wta_vram10gb_20260328_181653",
  "train_peak_gpu_mb": {
    "allocated_mb": 7546.962890625,
    "reserved_mb": 8282.0
  },
  "eval_peak_gpu_mb": {
    "allocated_mb": 515.69970703125,
    "reserved_mb": 780.0
  }
}