{
  "output_root": "/home/yding1995/opscc_sc/CAPE/outputs/larry_full_split_benchmark_20260328",
  "cape_train_time_s": 10.9,
  "scdiffeq_train_time_s": 2553.1,
  "cape_peak_gpu_mem_mb": 99.5,
  "scdiffeq_peak_gpu_mem_mb": null,
  "cape_sink_t4": 59.42720031738281,
  "scdiffeq_sink_t4": 87.485107421875,
  "cape_sink_t6": 43.64872741699219,
  "scdiffeq_sink_t6": 123.38688659667969,
  "cape_t6_tv": 0.21659002770083105,
  "scdiffeq_t6_tv": 0.34950600184672204,
  "cape_speedup_vs_scdiffeq": 234.22935779816513
}