{
  "method": "CAPE",
  "n_epochs": 1000,
  "n_particles": 512,
  "latent_dim": 50,
  "n_params": 1340619,
  "train_time_s": 20.7,
  "sinkhorn_4_training_curve": [
    103.53042602539062,
    53.75996398925781,
    49.534759521484375,
    52.644264221191406,
    41.68804931640625,
    37.26447296142578,
    37.686492919921875,
    42.06242370605469,
    37.59062957763672,
    37.15079116821289,
    35.40592956542969,
    36.27780532836914,
    30.245147705078125,
    31.260211944580078,
    31.523643493652344,
    30.01552963256836,
    37.17722702026367,
    28.381256103515625,
    34.93547821044922,
    29.788780212402344,
    31.90097999572754,
    28.283470153808594,
    29.467355728149414,
    31.150182723999023,
    28.816871643066406,
    24.469070434570312,
    35.631134033203125,
    32.94782257080078,
    24.582115173339844,
    25.013683319091797,
    26.820018768310547,
    29.179214477539062,
    26.787433624267578,
    26.620601654052734,
    30.19447135925293,
    26.01906967163086,
    23.891427993774414,
    27.475366592407227,
    25.846134185791016,
    25.461885452270508,
    30.277414321899414,
    26.483402252197266,
    25.211462020874023,
    28.606542587280273,
    25.396242141723633,
    25.914060592651367,
    25.58855438232422,
    24.510189056396484,
    28.409481048583984,
    27.459938049316406,
    25.6956844329834
  ],
  "sinkhorn_6_training_curve": [
    157.9832763671875,
    62.0531005859375,
    59.74715805053711,
    51.51760482788086,
    45.88890075683594,
    43.00224304199219,
    36.043701171875,
    38.29943084716797,
    34.02036666870117,
    34.43971252441406,
    29.26156997680664,
    39.057273864746094,
    26.720237731933594,
    37.69099426269531,
    31.0175838470459,
    29.28801918029785,
    30.500690460205078,
    29.963153839111328,
    25.015626907348633,
    24.90878677368164,
    29.37883758544922,
    36.514129638671875,
    22.795406341552734,
    24.4766845703125,
    23.811054229736328,
    24.760154724121094,
    26.629722595214844,
    25.66445541381836,
    26.228565216064453,
    26.096349716186523,
    26.346744537353516,
    23.211273193359375,
    22.95909881591797,
    21.739782333374023,
    26.052236557006836,
    24.481365203857422,
    24.881454467773438,
    25.372907638549805,
    24.391645431518555,
    23.08285903930664,
    23.333786010742188,
    26.57244873046875,
    25.763023376464844,
    26.37665367126465,
    24.495710372924805,
    24.03672218322754,
    32.03228759765625,
    30.49417495727539,
    26.369674682617188,
    25.02954864501953,
    31.92926025390625
  ],
  "epochs_curve": [
    0,
    20,
    40,
    60,
    80,
    100,
    120,
    140,
    160,
    180,
    200,
    220,
    240,
    260,
    280,
    300,
    320,
    340,
    360,
    380,
    400,
    420,
    440,
    460,
    480,
    500,
    520,
    540,
    560,
    580,
    600,
    620,
    640,
    660,
    680,
    700,
    720,
    740,
    760,
    780,
    800,
    820,
    840,
    860,
    880,
    900,
    920,
    940,
    960,
    980,
    999
  ],
  "sink_pca_4": 24.59695816040039,
  "sink_pca_6": 21.54106330871582,
  "fate_monocyte": 66,
  "fate_neutrophil": 512,
  "fate_undifferentiated": 958,
  "fate_mono_frac": 0.1142,
  "fate_mono_frac_weighted": 0.1142
}