split,n_cells,fraction
train,104711,0.8000106962494365
val,13089,0.10000229205345068
test,13087,0.09998701169711277
