{
  "method": "CAPE",
  "scope": "full_larry_fixed_split",
  "data_path": "/home/yding1995/opscc_sc/CAPE/outputs/larry_full_splits/larry_package_like_no_download.split_80_10_10.h5ad",
  "device": "cuda",
  "torch_version": "2.9.1+cu128",
  "conda_env": "ml1",
  "matmul_precision": "high",
  "tf32_enabled": true,
  "n_epochs": 500,
  "n_particles": 512,
  "latent_dim": 50,
  "n_params": 1340619,
  "split_counts": {
    "train": 104711,
    "val": 13089,
    "test": 13087
  },
  "train_time_s": 10.9,
  "eval_time_s": 0.0,
  "peak_gpu_mem_mb": 99.5,
  "epochs_curve": [
    0,
    20,
    40,
    60,
    80,
    100,
    120,
    140,
    160,
    180,
    200,
    220,
    240,
    260,
    280,
    300,
    320,
    340,
    360,
    380,
    400,
    420,
    440,
    460,
    480,
    499
  ],
  "sinkhorn_train_curve": {
    "4.0": [
      117.18627166748047,
      81.54678344726562,
      89.62889099121094,
      76.04470825195312,
      49.232765197753906,
      94.23063659667969,
      65.3873291015625,
      66.3060073852539,
      65.89154052734375,
      55.764522552490234,
      59.836116790771484,
      56.87579345703125,
      59.02130126953125,
      81.69131469726562,
      54.52476501464844,
      63.67420959472656,
      69.22737884521484,
      98.15410614013672,
      81.65220642089844,
      68.33341217041016,
      53.502220153808594,
      66.1251220703125,
      79.1741943359375,
      54.58187484741211,
      48.090606689453125,
      95.92074584960938
    ],
    "6.0": [
      175.74203491210938,
      119.52002716064453,
      84.1007308959961,
      75.99407196044922,
      58.709659576416016,
      79.42975616455078,
      75.77405548095703,
      65.18833923339844,
      62.00011444091797,
      54.10499572753906,
      62.33897018432617,
      54.70262908935547,
      46.064273834228516,
      71.41801452636719,
      59.957740783691406,
      56.78620529174805,
      56.63076400756836,
      51.22005081176758,
      55.52457046508789,
      60.14002227783203,
      43.67249298095703,
      92.93798065185547,
      53.66932678222656,
      52.37445068359375,
      56.140533447265625,
      54.2130126953125
    ]
  },
  "sinkhorn_val_curve": {
    "4.0": [
      95.78619384765625,
      67.13040161132812,
      74.76813507080078,
      64.54426574707031,
      82.29684448242188,
      115.86753845214844,
      69.72183990478516,
      54.17765808105469,
      96.76005554199219,
      88.08341979980469,
      51.17328643798828,
      77.452392578125,
      50.20374298095703,
      42.50055694580078,
      42.921470642089844,
      52.74229431152344,
      60.14103698730469,
      43.839813232421875,
      51.88017272949219,
      66.57888793945312,
      41.773468017578125,
      64.60539245605469,
      69.37954711914062,
      65.65061950683594,
      73.54856872558594,
      63.87385559082031
    ],
    "6.0": [
      200.04400634765625,
      95.4161376953125,
      73.67163848876953,
      65.54092407226562,
      60.14771270751953,
      77.16552734375,
      68.59394836425781,
      63.852027893066406,
      55.79036331176758,
      50.35870361328125,
      56.674468994140625,
      54.81158447265625,
      55.68073272705078,
      53.548255920410156,
      48.720863342285156,
      54.140052795410156,
      42.556758880615234,
      53.6955451965332,
      47.788116455078125,
      52.337303161621094,
      45.517059326171875,
      53.10660934448242,
      41.15947723388672,
      48.66127014160156,
      50.514312744140625,
      47.912723541259766
    ]
  },
  "sink_pca_by_time": {
    "4.0": 59.42720031738281,
    "6.0": 43.64872741699219
  },
  "t6_pred_label_counts": {
    "Undifferentiated": 525,
    "Neutrophil": 137,
    "Baso": 77,
    "Monocyte": 200,
    "Mast": 25,
    "Meg": 9,
    "Lymphoid": 22,
    "Erythroid": 3,
    "Ccr7_DC": 2
  },
  "t6_true_label_counts": {
    "Undifferentiated": 1789,
    "Neutrophil": 1445,
    "Monocyte": 1072,
    "Baso": 672,
    "Mast": 197,
    "Meg": 136,
    "Erythroid": 44,
    "Eos": 35,
    "Lymphoid": 13,
    "Ccr7_DC": 9,
    "pDC": 3
  },
  "t6_pred_label_fractions": {
    "Baso": 0.077,
    "Ccr7_DC": 0.002,
    "Eos": 0.0,
    "Erythroid": 0.003,
    "Lymphoid": 0.022,
    "Mast": 0.025,
    "Meg": 0.009,
    "Monocyte": 0.2,
    "Neutrophil": 0.137,
    "Undifferentiated": 0.525,
    "pDC": 0.0
  },
  "t6_true_label_fractions": {
    "Baso": 0.12409972299168975,
    "Ccr7_DC": 0.0016620498614958448,
    "Eos": 0.006463527239150508,
    "Erythroid": 0.008125577100646353,
    "Lymphoid": 0.0024007386888273315,
    "Mast": 0.03638042474607572,
    "Meg": 0.025115420129270545,
    "Monocyte": 0.1979686057248384,
    "Neutrophil": 0.26685133887349954,
    "Undifferentiated": 0.3303785780240074,
    "pDC": 0.000554016620498615
  },
  "t6_label_tv_distance": 0.21659002770083105,
  "evaluation_plan_path": "/home/yding1995/opscc_sc/CAPE/outputs/larry_full_split_benchmark_20260328/cape/evaluation_plan.json",
  "model_path": "/home/yding1995/opscc_sc/CAPE/outputs/larry_full_split_benchmark_20260328/cape/cape_model_full_split.pt"
}