{
  "epoch": [
    0,
    20,
    40,
    60,
    80,
    100,
    120,
    140,
    160,
    180,
    200,
    220,
    240,
    260,
    280,
    300,
    320,
    340,
    360,
    380,
    400,
    420,
    440,
    460,
    480,
    499
  ],
  "train_sinkhorn_4.0": [
    117.18627166748047,
    81.54678344726562,
    89.62889099121094,
    76.04470825195312,
    49.232765197753906,
    94.23063659667969,
    65.3873291015625,
    66.3060073852539,
    65.89154052734375,
    55.764522552490234,
    59.836116790771484,
    56.87579345703125,
    59.02130126953125,
    81.69131469726562,
    54.52476501464844,
    63.67420959472656,
    69.22737884521484,
    98.15410614013672,
    81.65220642089844,
    68.33341217041016,
    53.502220153808594,
    66.1251220703125,
    79.1741943359375,
    54.58187484741211,
    48.090606689453125,
    95.92074584960938
  ],
  "train_sinkhorn_6.0": [
    175.74203491210938,
    119.52002716064453,
    84.1007308959961,
    75.99407196044922,
    58.709659576416016,
    79.42975616455078,
    75.77405548095703,
    65.18833923339844,
    62.00011444091797,
    54.10499572753906,
    62.33897018432617,
    54.70262908935547,
    46.064273834228516,
    71.41801452636719,
    59.957740783691406,
    56.78620529174805,
    56.63076400756836,
    51.22005081176758,
    55.52457046508789,
    60.14002227783203,
    43.67249298095703,
    92.93798065185547,
    53.66932678222656,
    52.37445068359375,
    56.140533447265625,
    54.2130126953125
  ],
  "val_sinkhorn_4.0": [
    95.78619384765625,
    67.13040161132812,
    74.76813507080078,
    64.54426574707031,
    82.29684448242188,
    115.86753845214844,
    69.72183990478516,
    54.17765808105469,
    96.76005554199219,
    88.08341979980469,
    51.17328643798828,
    77.452392578125,
    50.20374298095703,
    42.50055694580078,
    42.921470642089844,
    52.74229431152344,
    60.14103698730469,
    43.839813232421875,
    51.88017272949219,
    66.57888793945312,
    41.773468017578125,
    64.60539245605469,
    69.37954711914062,
    65.65061950683594,
    73.54856872558594,
    63.87385559082031
  ],
  "val_sinkhorn_6.0": [
    200.04400634765625,
    95.4161376953125,
    73.67163848876953,
    65.54092407226562,
    60.14771270751953,
    77.16552734375,
    68.59394836425781,
    63.852027893066406,
    55.79036331176758,
    50.35870361328125,
    56.674468994140625,
    54.81158447265625,
    55.68073272705078,
    53.548255920410156,
    48.720863342285156,
    54.140052795410156,
    42.556758880615234,
    53.6955451965332,
    47.788116455078125,
    52.337303161621094,
    45.517059326171875,
    53.10660934448242,
    41.15947723388672,
    48.66127014160156,
    50.514312744140625,
    47.912723541259766
  ]
}