{
  "train_time_s": 1.2,
  "best_checkpoint": "/home/yding1995/opscc_sc/CAPE/outputs/hnscc_cape_full_wta_calibration_strong1_20260328/checkpoint_best.pt",
  "train_summary": {
    "n_perturbations": 121,
    "mean_uot": 447.60862240121384,
    "median_uot": 447.6734924316406,
    "mean_mass_rel_error": 0.461870237998702,
    "median_mass_rel_error": 0.4667884665911163,
    "n_controls": 1,
    "control_mean_uot": 434.37872314453125,
    "control_mean_mass_rel_error": 0.5500167236610238,
    "n_non_controls": 120,
    "non_control_mean_uot": 447.71887156168617,
    "non_control_mean_mass_rel_error": 0.46113568395151605
  },
  "test_summary": {
    "n_perturbations": 121,
    "mean_uot": 454.2719035503293,
    "median_uot": 456.1806335449219,
    "mean_mass_rel_error": 7.866393043129504,
    "median_mass_rel_error": 6.077455272847432,
    "n_controls": 1,
    "control_mean_uot": 386.9267883300781,
    "control_mean_mass_rel_error": 6.077455272847432,
    "n_non_controls": 120,
    "non_control_mean_uot": 454.8331128438314,
    "non_control_mean_mass_rel_error": 7.881300857881854
  },
  "n_supported_perturbations": 121,
  "guide_confident_only": true,
  "data_path": "/home/yding1995/opscc_sc/scDiffeq/hnscc/GSE235325_P4P60_scdiffeq_compatible.h5ad",
  "output_dir": "/home/yding1995/opscc_sc/CAPE/outputs/hnscc_cape_full_wta_calibration_strong1_20260328",
  "train_peak_gpu_mb": {
    "allocated_mb": 7543.68798828125,
    "reserved_mb": 8276.0
  },
  "eval_peak_gpu_mb": {
    "allocated_mb": 515.69970703125,
    "reserved_mb": 784.0
  }
}